cluster_id,n_days,avg_score,std_score,min_score,max_score,day_range,recovery_phase
0,1,13.705882352941176,,13.705882352941176,13.705882352941176,2-2,Moderate Depression
1,47,3.7213309218941255,3.9301170174042035,0.4444444444444444,15.833333333333334,0-49,Minimal/No Depression
2,1,15.3125,,15.3125,15.3125,5-5,Moderately Severe Depression
3,1,15.333333333333334,,15.333333333333334,15.333333333333334,3-3,Moderately Severe Depression
